-- M-WMS backend 初始化数据 SQL（除业务数据）— dev 环境
-- 来源：wms_dev 活库，按白名单+行过滤导出系统 seed（字典/单位/产品模板/部门岗位/菜单/权限/平台超管账号）
-- 幂等 INSERT IGNORE，可重复执行；不含任何租户业务数据
-- 依赖：先执行 init/init-schema.sql；执行前先选中目标库（USE xxx;）

SET NAMES utf8mb4;
SET FOREIGN_KEY_CHECKS = 0;

-- ---------- dictionaries (101 行) ----------
INSERT IGNORE INTO `dictionaries` (`id`, `createdAt`, `updatedAt`, `deletedAt`, `tenantId`, `type`, `label`, `value`, `sort`, `isActive`, `scope`, `isSystem`, `allowTenantExtend`, `allowTenantOverride`, `parentId`) VALUES
  ('00000000-0000-0000-0100-000000000001', '2026-05-23 08:56:00.644380', '2026-05-23 08:56:00.644380', NULL, NULL, 'INDUSTRY', '制造业', 'MANUFACTURING', 10, 1, 'platform', 0, 0, 0, NULL),
  ('00000000-0000-0000-0100-000000000002', '2026-05-23 08:56:00.644380', '2026-05-23 08:56:00.644380', NULL, NULL, 'INDUSTRY', '仓储物流', 'WAREHOUSING_LOGISTICS', 20, 1, 'platform', 0, 0, 0, NULL),
  ('00000000-0000-0000-0100-000000000003', '2026-05-23 08:56:00.644380', '2026-05-23 08:56:00.644380', NULL, NULL, 'INDUSTRY', '批发零售', 'WHOLESALE_RETAIL', 30, 1, 'platform', 0, 0, 0, NULL),
  ('00000000-0000-0000-0100-000000000004', '2026-05-23 08:56:00.644380', '2026-05-23 08:56:00.644380', NULL, NULL, 'INDUSTRY', '食品饮料', 'FOOD_BEVERAGE', 40, 1, 'platform', 0, 0, 0, NULL),
  ('00000000-0000-0000-0100-000000000005', '2026-05-23 08:56:00.644380', '2026-05-23 08:56:00.644380', NULL, NULL, 'INDUSTRY', '医药医疗', 'MEDICAL_HEALTH', 50, 1, 'platform', 0, 0, 0, NULL),
  ('00000000-0000-0000-0100-000000000006', '2026-05-23 08:56:00.644380', '2026-05-23 08:56:00.644380', NULL, NULL, 'INDUSTRY', '电子电器', 'ELECTRONICS', 60, 1, 'platform', 0, 0, 0, NULL),
  ('00000000-0000-0000-0100-000000000007', '2026-05-23 08:56:00.644380', '2026-05-23 08:56:00.644380', NULL, NULL, 'INDUSTRY', '五金建材', 'HARDWARE_BUILDING', 70, 1, 'platform', 0, 0, 0, NULL),
  ('00000000-0000-0000-0100-000000000008', '2026-05-23 08:56:00.644380', '2026-05-23 08:56:00.644380', NULL, NULL, 'INDUSTRY', '其他', 'OTHER', 999, 1, 'platform', 0, 0, 0, NULL),
  ('00000000-0000-0000-0101-000000000001', '2026-05-23 08:56:00.644380', '2026-05-23 08:56:00.644380', NULL, NULL, 'UNIT', '个', 'PCS', 10, 1, 'platform', 0, 0, 0, NULL),
  ('00000000-0000-0000-0101-000000000002', '2026-05-23 08:56:00.644380', '2026-05-23 08:56:00.644380', NULL, NULL, 'UNIT', '件', 'PIECE', 20, 1, 'platform', 0, 0, 0, NULL),
  ('00000000-0000-0000-0101-000000000003', '2026-05-23 08:56:00.644380', '2026-05-23 08:56:00.644380', NULL, NULL, 'UNIT', '箱', 'BOX', 30, 1, 'platform', 0, 0, 0, NULL),
  ('00000000-0000-0000-0101-000000000004', '2026-05-23 08:56:00.644380', '2026-05-23 08:56:00.644380', NULL, NULL, 'UNIT', '托', 'PALLET', 40, 1, 'platform', 0, 0, 0, NULL),
  ('00000000-0000-0000-0101-000000000005', '2026-05-23 08:56:00.644380', '2026-05-23 08:56:00.644380', NULL, NULL, 'UNIT', '千克', 'KG', 50, 1, 'platform', 0, 0, 0, NULL),
  ('00000000-0000-0000-0101-000000000006', '2026-05-23 08:56:00.644380', '2026-05-23 08:56:00.644380', NULL, NULL, 'UNIT', '吨', 'TON', 60, 1, 'platform', 0, 0, 0, NULL),
  ('00000000-0000-0000-0101-000000000007', '2026-05-23 08:56:00.644380', '2026-05-23 08:56:00.644380', NULL, NULL, 'UNIT', '米', 'M', 70, 1, 'platform', 0, 0, 0, NULL),
  ('00000000-0000-0000-0101-000000000008', '2026-05-23 08:56:00.644380', '2026-05-23 08:56:00.644380', NULL, NULL, 'UNIT', '平方米', 'M2', 80, 1, 'platform', 0, 0, 0, NULL),
  ('00000000-0000-0000-0101-000000000009', '2026-05-23 08:56:00.644380', '2026-05-23 08:56:00.644380', NULL, NULL, 'UNIT', '立方米', 'M3', 90, 1, 'platform', 0, 0, 0, NULL),
  ('00000000-0000-0000-0101-000000000010', '2026-05-23 08:56:00.644380', '2026-05-23 08:56:00.644380', NULL, NULL, 'UNIT', '升', 'L', 100, 1, 'platform', 0, 0, 0, NULL),
  ('00000000-0000-0000-0102-000000000001', '2026-05-23 08:56:00.644380', '2026-05-23 08:56:00.644380', NULL, NULL, 'MATERIAL', '不锈钢', 'STAINLESS_STEEL', 10, 1, 'platform', 0, 0, 0, NULL),
  ('00000000-0000-0000-0102-000000000002', '2026-05-23 08:56:00.644380', '2026-05-23 08:56:00.644380', NULL, NULL, 'MATERIAL', '碳钢', 'CARBON_STEEL', 20, 1, 'platform', 0, 0, 0, NULL),
  ('00000000-0000-0000-0102-000000000003', '2026-05-23 08:56:00.644380', '2026-05-23 08:56:00.644380', NULL, NULL, 'MATERIAL', '铝合金', 'ALUMINUM_ALLOY', 30, 1, 'platform', 0, 0, 0, NULL),
  ('00000000-0000-0000-0102-000000000004', '2026-05-23 08:56:00.644380', '2026-05-23 08:56:00.644380', NULL, NULL, 'MATERIAL', '铜', 'COPPER', 40, 1, 'platform', 0, 0, 0, NULL),
  ('00000000-0000-0000-0102-000000000005', '2026-05-23 08:56:00.644380', '2026-05-23 08:56:00.644380', NULL, NULL, 'MATERIAL', '塑料', 'PLASTIC', 50, 1, 'platform', 0, 0, 0, NULL),
  ('00000000-0000-0000-0102-000000000006', '2026-05-23 08:56:00.644380', '2026-05-23 08:56:00.644380', NULL, NULL, 'MATERIAL', '橡胶', 'RUBBER', 60, 1, 'platform', 0, 0, 0, NULL),
  ('00000000-0000-0000-0102-000000000007', '2026-05-23 08:56:00.644380', '2026-05-23 08:56:00.644380', NULL, NULL, 'MATERIAL', '木材', 'WOOD', 70, 1, 'platform', 0, 0, 0, NULL),
  ('00000000-0000-0000-0102-000000000008', '2026-05-23 08:56:00.644380', '2026-05-23 08:56:00.644380', NULL, NULL, 'MATERIAL', '纸质', 'PAPER', 80, 1, 'platform', 0, 0, 0, NULL),
  ('00000000-0000-0000-0103-000000000001', '2026-05-23 08:56:00.644380', '2026-05-23 08:56:00.644380', NULL, NULL, 'COMMON_STATUS', '启用', 'ACTIVE', 10, 1, 'platform', 0, 0, 0, NULL),
  ('00000000-0000-0000-0103-000000000002', '2026-05-23 08:56:00.644380', '2026-05-23 08:56:00.644380', NULL, NULL, 'COMMON_STATUS', '禁用', 'DISABLED', 20, 1, 'platform', 0, 0, 0, NULL),
  ('00000000-0000-0000-0104-000000000001', '2026-05-23 08:56:00.644380', '2026-05-23 08:56:00.644380', NULL, NULL, 'TENANT_LIFECYCLE_STATUS', '待审核', 'pending', 10, 1, 'platform', 0, 0, 0, NULL),
  ('00000000-0000-0000-0104-000000000002', '2026-05-23 08:56:00.644380', '2026-05-23 08:56:00.644380', NULL, NULL, 'TENANT_LIFECYCLE_STATUS', '已启用', 'active', 20, 1, 'platform', 0, 0, 0, NULL),
  ('00000000-0000-0000-0104-000000000003', '2026-05-23 08:56:00.644380', '2026-05-23 08:56:00.644380', NULL, NULL, 'TENANT_LIFECYCLE_STATUS', '已驳回', 'rejected', 30, 1, 'platform', 0, 0, 0, NULL),
  ('00000000-0000-0000-0104-000000000004', '2026-05-23 08:56:00.644380', '2026-05-23 08:56:00.644380', NULL, NULL, 'TENANT_LIFECYCLE_STATUS', '已禁用', 'disabled', 40, 1, 'platform', 0, 0, 0, NULL),
  ('00000000-0000-0000-0104-000000000005', '2026-05-23 08:56:00.644380', '2026-05-23 08:56:00.644380', NULL, NULL, 'TENANT_LIFECYCLE_STATUS', '已过期', 'expired', 50, 1, 'platform', 0, 0, 0, NULL),
  ('00000000-0000-0000-0105-000000000001', '2026-05-23 08:56:00.644380', '2026-05-23 08:56:00.644380', NULL, NULL, 'LOCATION_TYPE', '存储区', 'STORAGE', 10, 1, 'platform', 0, 0, 0, NULL),
  ('00000000-0000-0000-0105-000000000002', '2026-05-23 08:56:00.644380', '2026-05-23 08:56:00.644380', NULL, NULL, 'LOCATION_TYPE', '拣货区', 'PICKING', 20, 1, 'platform', 0, 0, 0, NULL),
  ('00000000-0000-0000-0105-000000000003', '2026-05-23 08:56:00.644380', '2026-05-23 08:56:00.644380', NULL, NULL, 'LOCATION_TYPE', '暂存区', 'TEMP', 30, 1, 'platform', 0, 0, 0, NULL),
  ('00000000-0000-0000-0105-000000000004', '2026-05-23 08:56:00.644380', '2026-05-23 08:56:00.644380', NULL, NULL, 'LOCATION_TYPE', '收货区', 'RECEIVING', 40, 1, 'platform', 0, 0, 0, NULL),
  ('00000000-0000-0000-0105-000000000005', '2026-05-23 08:56:00.644380', '2026-05-23 08:56:00.644380', NULL, NULL, 'LOCATION_TYPE', '发货区', 'SHIPPING', 50, 1, 'platform', 0, 0, 0, NULL),
  ('00000000-0000-0000-0105-000000000006', '2026-05-23 08:56:00.644380', '2026-05-23 08:56:00.644380', NULL, NULL, 'LOCATION_TYPE', '不良品区', 'DEFECT', 60, 1, 'platform', 0, 0, 0, NULL),
  ('00000000-0000-0000-0105-000000000007', '2026-05-23 08:56:00.644380', '2026-05-23 08:56:00.644380', NULL, NULL, 'LOCATION_TYPE', '退货区', 'RETURN', 70, 1, 'platform', 0, 0, 0, NULL),
  ('00000000-0000-0000-0106-000000000001', '2026-05-23 08:56:00.644380', '2026-05-23 08:56:00.644380', NULL, NULL, 'LOCATION_STATUS', '可用', 'AVAILABLE', 10, 1, 'platform', 0, 0, 0, NULL),
  ('00000000-0000-0000-0106-000000000002', '2026-05-23 08:56:00.644380', '2026-05-23 08:56:00.644380', NULL, NULL, 'LOCATION_STATUS', '已占用', 'OCCUPIED', 20, 1, 'platform', 0, 0, 0, NULL),
  ('00000000-0000-0000-0106-000000000003', '2026-05-23 08:56:00.644380', '2026-05-23 08:56:00.644380', NULL, NULL, 'LOCATION_STATUS', '锁定', 'LOCKED', 30, 1, 'platform', 0, 0, 0, NULL),
  ('00000000-0000-0000-0106-000000000004', '2026-05-23 08:56:00.644380', '2026-05-23 08:56:00.644380', NULL, NULL, 'LOCATION_STATUS', '预留', 'RESERVED', 40, 1, 'platform', 0, 0, 0, NULL),
  ('00000000-0000-0000-0106-000000000005', '2026-05-23 08:56:00.644380', '2026-05-23 08:56:00.644380', NULL, NULL, 'LOCATION_STATUS', '停用', 'DISABLED', 50, 1, 'platform', 0, 0, 0, NULL),
  ('00000000-0000-0000-0107-000000000001', '2026-05-23 08:56:00.644380', '2026-05-23 08:56:00.644380', NULL, NULL, 'DEVICE_TYPE', '扫码枪', 'SCANNER', 10, 1, 'platform', 0, 0, 0, NULL),
  ('00000000-0000-0000-0107-000000000002', '2026-05-23 08:56:00.644380', '2026-05-23 08:56:00.644380', NULL, NULL, 'DEVICE_TYPE', 'RFID读写器', 'RFID_READER', 20, 1, 'platform', 0, 0, 0, NULL),
  ('00000000-0000-0000-0107-000000000003', '2026-05-23 08:56:00.644380', '2026-05-23 08:56:00.644380', NULL, NULL, 'DEVICE_TYPE', 'RFID标签', 'RFID_TAG', 30, 1, 'platform', 0, 0, 0, NULL),
  ('00000000-0000-0000-0107-000000000004', '2026-05-23 08:56:00.644380', '2026-05-23 08:56:00.644380', NULL, NULL, 'DEVICE_TYPE', 'AGV', 'AGV', 40, 1, 'platform', 0, 0, 0, NULL),
  ('00000000-0000-0000-0107-000000000005', '2026-05-23 08:56:00.644380', '2026-05-23 08:56:00.644380', NULL, NULL, 'DEVICE_TYPE', '电子标签', 'ESL', 50, 1, 'platform', 0, 0, 0, NULL),
  ('00000000-0000-0000-0107-000000000006', '2026-05-23 08:56:00.644380', '2026-05-23 08:56:00.644380', NULL, NULL, 'DEVICE_TYPE', '传感器', 'SENSOR', 60, 1, 'platform', 0, 0, 0, NULL),
  ('00000000-0000-0000-0107-000000000007', '2026-05-23 08:56:00.644380', '2026-05-23 08:56:00.644380', NULL, NULL, 'DEVICE_TYPE', '打印机', 'PRINTER', 70, 1, 'platform', 0, 0, 0, NULL),
  ('00000000-0000-0000-0107-000000000008', '2026-05-23 08:56:00.644380', '2026-05-23 08:56:00.644380', NULL, NULL, 'DEVICE_TYPE', '闸机', 'GATE', 80, 1, 'platform', 0, 0, 0, NULL),
  ('00000000-0000-0000-0107-000000000009', '2026-05-23 08:56:00.644380', '2026-05-23 08:56:00.644380', NULL, NULL, 'DEVICE_TYPE', '摄像头', 'CAMERA', 90, 1, 'platform', 0, 0, 0, NULL),
  ('00000000-0000-0000-0107-000000000010', '2026-05-23 08:56:00.644380', '2026-05-23 08:56:00.644380', NULL, NULL, 'DEVICE_TYPE', 'PDA', 'PDA', 100, 1, 'platform', 0, 0, 0, NULL),
  ('00000000-0000-0000-0108-000000000001', '2026-05-23 08:56:00.644380', '2026-05-23 08:56:00.644380', NULL, NULL, 'DEVICE_STATUS', '在线', 'ONLINE', 10, 1, 'platform', 0, 0, 0, NULL),
  ('00000000-0000-0000-0108-000000000002', '2026-05-23 08:56:00.644380', '2026-05-23 08:56:00.644380', NULL, NULL, 'DEVICE_STATUS', '离线', 'OFFLINE', 20, 1, 'platform', 0, 0, 0, NULL),
  ('00000000-0000-0000-0108-000000000003', '2026-05-23 08:56:00.644380', '2026-05-23 08:56:00.644380', NULL, NULL, 'DEVICE_STATUS', '异常', 'ERROR', 30, 1, 'platform', 0, 0, 0, NULL),
  ('00000000-0000-0000-0108-000000000004', '2026-05-23 08:56:00.644380', '2026-05-23 08:56:00.644380', NULL, NULL, 'DEVICE_STATUS', '维护中', 'MAINTENANCE', 40, 1, 'platform', 0, 0, 0, NULL),
  ('00000000-0000-0000-0108-000000000005', '2026-05-23 08:56:00.644380', '2026-05-23 08:56:00.644380', NULL, NULL, 'DEVICE_STATUS', '停用', 'DISABLED', 50, 1, 'platform', 0, 0, 0, NULL),
  ('00000000-0000-0000-0109-000000000001', '2026-05-23 08:56:00.644380', '2026-05-23 08:56:00.644380', NULL, NULL, 'INVENTORY_TRANSACTION_TYPE', '采购入库', 'INBOUND_PURCHASE', 10, 1, 'platform', 0, 0, 0, NULL),
  ('00000000-0000-0000-0109-000000000002', '2026-05-23 08:56:00.644380', '2026-05-23 08:56:00.644380', NULL, NULL, 'INVENTORY_TRANSACTION_TYPE', '退货入库', 'INBOUND_RETURN', 20, 1, 'platform', 0, 0, 0, NULL),
  ('00000000-0000-0000-0109-000000000003', '2026-05-23 08:56:00.644380', '2026-05-23 08:56:00.644380', NULL, NULL, 'INVENTORY_TRANSACTION_TYPE', '调拨入库', 'INBOUND_TRANSFER', 30, 1, 'platform', 0, 0, 0, NULL),
  ('00000000-0000-0000-0109-000000000004', '2026-05-23 08:56:00.644380', '2026-05-23 08:56:00.644380', NULL, NULL, 'INVENTORY_TRANSACTION_TYPE', '生产入库', 'INBOUND_PRODUCTION', 40, 1, 'platform', 0, 0, 0, NULL),
  ('00000000-0000-0000-0109-000000000005', '2026-05-23 08:56:00.644380', '2026-05-23 08:56:00.644380', NULL, NULL, 'INVENTORY_TRANSACTION_TYPE', '销售出库', 'OUTBOUND_SALES', 50, 1, 'platform', 0, 0, 0, NULL),
  ('00000000-0000-0000-0109-000000000006', '2026-05-23 08:56:00.644380', '2026-05-23 08:56:00.644380', NULL, NULL, 'INVENTORY_TRANSACTION_TYPE', '领料出库', 'OUTBOUND_MATERIAL', 60, 1, 'platform', 0, 0, 0, NULL),
  ('00000000-0000-0000-0109-000000000007', '2026-05-23 08:56:00.644380', '2026-05-23 08:56:00.644380', NULL, NULL, 'INVENTORY_TRANSACTION_TYPE', '调拨出库', 'OUTBOUND_TRANSFER', 70, 1, 'platform', 0, 0, 0, NULL),
  ('00000000-0000-0000-0109-000000000008', '2026-05-23 08:56:00.644380', '2026-05-23 08:56:00.644380', NULL, NULL, 'INVENTORY_TRANSACTION_TYPE', '报废出库', 'OUTBOUND_SCRAP', 80, 1, 'platform', 0, 0, 0, NULL),
  ('00000000-0000-0000-0109-000000000009', '2026-05-23 08:56:00.644380', '2026-05-23 08:56:00.644380', NULL, NULL, 'INVENTORY_TRANSACTION_TYPE', '盘盈调整', 'ADJUSTMENT_IN', 90, 1, 'platform', 0, 0, 0, NULL),
  ('00000000-0000-0000-0109-000000000010', '2026-05-23 08:56:00.644380', '2026-05-23 08:56:00.644380', NULL, NULL, 'INVENTORY_TRANSACTION_TYPE', '盘亏调整', 'ADJUSTMENT_OUT', 100, 1, 'platform', 0, 0, 0, NULL),
  ('00000000-0000-0000-0110-000000000001', '2026-05-23 08:56:00.644380', '2026-05-23 08:56:00.644380', NULL, NULL, 'INQUIRY_STATUS', '未读', 'unread', 10, 1, 'platform', 0, 0, 0, NULL),
  ('00000000-0000-0000-0110-000000000002', '2026-05-23 08:56:00.644380', '2026-05-23 08:56:00.644380', NULL, NULL, 'INQUIRY_STATUS', '已读', 'read', 20, 1, 'platform', 0, 0, 0, NULL),
  ('00000000-0000-0000-0110-000000000003', '2026-05-23 08:56:00.644380', '2026-05-23 08:56:00.644380', NULL, NULL, 'INQUIRY_STATUS', '已回复', 'replied', 30, 1, 'platform', 0, 0, 0, NULL),
  ('00000000-0000-0000-0111-000000000001', '2026-05-23 08:56:00.644380', '2026-05-23 08:56:00.644380', NULL, NULL, 'YES_NO', '是', 'YES', 10, 1, 'platform', 0, 0, 0, NULL),
  ('00000000-0000-0000-0111-000000000002', '2026-05-23 08:56:00.644380', '2026-05-23 08:56:00.644380', NULL, NULL, 'YES_NO', '否', 'NO', 20, 1, 'platform', 0, 0, 0, NULL),
  ('00000000-0000-0000-0112-000000000001', '2026-05-23 08:56:00.644380', '2026-05-23 08:56:00.644380', NULL, NULL, 'YES_NO_NUM', '是', '1', 10, 1, 'platform', 0, 0, 0, NULL),
  ('00000000-0000-0000-0112-000000000002', '2026-05-23 08:56:00.644380', '2026-05-23 08:56:00.644380', NULL, NULL, 'YES_NO_NUM', '否', '0', 20, 1, 'platform', 0, 0, 0, NULL),
  ('00000000-0000-0000-0113-000000000001', '2026-05-23 08:56:00.644380', '2026-05-23 08:56:00.644380', NULL, NULL, 'ENABLE_STATUS', '启用', '1', 10, 1, 'platform', 0, 0, 0, NULL),
  ('00000000-0000-0000-0113-000000000002', '2026-05-23 08:56:00.644380', '2026-05-23 08:56:00.644380', NULL, NULL, 'ENABLE_STATUS', '停用', '0', 20, 1, 'platform', 0, 0, 0, NULL),
  ('00000000-0000-0000-0114-000000000001', '2026-05-23 08:56:00.644380', '2026-05-23 08:56:00.644380', NULL, NULL, 'VISIBLE_STATUS', '显示', '0', 10, 1, 'platform', 0, 0, 0, NULL),
  ('00000000-0000-0000-0114-000000000002', '2026-05-23 08:56:00.644380', '2026-05-23 08:56:00.644380', NULL, NULL, 'VISIBLE_STATUS', '隐藏', '1', 20, 1, 'platform', 0, 0, 0, NULL),
  ('00000000-0000-0000-0115-000000000001', '2026-05-23 08:56:00.644380', '2026-05-23 08:56:00.644380', NULL, NULL, 'PERMISSION_SCOPE', '平台端', 'platform', 10, 1, 'platform', 0, 0, 0, NULL),
  ('00000000-0000-0000-0115-000000000002', '2026-05-23 08:56:00.644380', '2026-05-23 08:56:00.644380', NULL, NULL, 'PERMISSION_SCOPE', '租户端', 'tenant', 20, 1, 'platform', 0, 0, 0, NULL),
  ('00000000-0000-0000-0116-000000000001', '2026-05-23 08:56:00.644380', '2026-05-23 08:56:00.644380', NULL, NULL, 'MENU_TYPE', '目录', 'DIRECTORY', 10, 1, 'platform', 0, 0, 0, NULL),
  ('00000000-0000-0000-0116-000000000002', '2026-05-23 08:56:00.644380', '2026-05-23 08:56:00.644380', NULL, NULL, 'MENU_TYPE', '菜单', 'MENU', 20, 1, 'platform', 0, 0, 0, NULL),
  ('00000000-0000-0000-0116-000000000003', '2026-05-23 08:56:00.644380', '2026-05-23 08:56:00.644380', NULL, NULL, 'MENU_TYPE', '按钮', 'BUTTON', 30, 1, 'platform', 0, 0, 0, NULL),
  ('00000000-0000-0000-0116-000000000004', '2026-05-23 08:56:00.644380', '2026-05-23 08:56:00.644380', NULL, NULL, 'MENU_TYPE', '接口', 'API', 40, 1, 'platform', 0, 0, 0, NULL),
  ('00000000-0000-0000-0117-000000000001', '2026-05-23 08:56:00.644380', '2026-05-23 08:56:00.644380', NULL, NULL, 'USER_TYPE', '平台用户', 'platform', 10, 1, 'platform', 0, 0, 0, NULL),
  ('00000000-0000-0000-0117-000000000002', '2026-05-23 08:56:00.644380', '2026-05-23 08:56:00.644380', NULL, NULL, 'USER_TYPE', '租户用户', 'tenant', 20, 1, 'platform', 0, 0, 0, NULL),
  ('00000000-0000-0000-0118-000000000001', '2026-05-23 08:56:00.644380', '2026-05-23 08:56:00.644380', NULL, NULL, 'GENDER', '男', 'MALE', 10, 1, 'platform', 0, 0, 0, NULL),
  ('00000000-0000-0000-0118-000000000002', '2026-05-23 08:56:00.644380', '2026-05-23 08:56:00.644380', NULL, NULL, 'GENDER', '女', 'FEMALE', 20, 1, 'platform', 0, 0, 0, NULL),
  ('00000000-0000-0000-0118-000000000003', '2026-05-23 08:56:00.644380', '2026-05-23 08:56:00.644380', NULL, NULL, 'GENDER', '未知', 'UNKNOWN', 30, 1, 'platform', 0, 0, 0, NULL),
  ('00000000-0000-0000-0119-000000000001', '2026-05-23 08:56:00.644380', '2026-05-23 08:56:00.644380', NULL, NULL, 'AUDIT_RESULT', '通过', 'APPROVED', 10, 1, 'platform', 0, 0, 0, NULL),
  ('00000000-0000-0000-0119-000000000002', '2026-05-23 08:56:00.644380', '2026-05-23 08:56:00.644380', NULL, NULL, 'AUDIT_RESULT', '驳回', 'REJECTED', 20, 1, 'platform', 0, 0, 0, NULL),
  ('00000000-0000-0000-0120-000000000001', '2026-05-23 08:56:00.644380', '2026-05-23 08:56:00.644380', NULL, NULL, 'PRIORITY', '低', 'LOW', 10, 1, 'platform', 0, 0, 0, NULL),
  ('00000000-0000-0000-0120-000000000002', '2026-05-23 08:56:00.644380', '2026-05-23 08:56:00.644380', NULL, NULL, 'PRIORITY', '普通', 'NORMAL', 20, 1, 'platform', 0, 0, 0, NULL),
  ('00000000-0000-0000-0120-000000000003', '2026-05-23 08:56:00.644380', '2026-05-23 08:56:00.644380', NULL, NULL, 'PRIORITY', '高', 'HIGH', 30, 1, 'platform', 0, 0, 0, NULL),
  ('00000000-0000-0000-0120-000000000004', '2026-05-23 08:56:00.644380', '2026-05-23 08:56:00.644380', NULL, NULL, 'PRIORITY', '紧急', 'URGENT', 40, 1, 'platform', 0, 0, 0, NULL),
  ('00000000-0000-0000-0121-000000000001', '2026-05-23 08:56:00.644380', '2026-05-23 08:56:00.644380', NULL, NULL, 'TAXPAYER_TYPE', '一般纳税人', 'GENERAL', 10, 1, 'platform', 0, 0, 0, NULL),
  ('00000000-0000-0000-0121-000000000002', '2026-05-23 08:56:00.644380', '2026-05-23 08:56:00.644380', NULL, NULL, 'TAXPAYER_TYPE', '小规模纳税人', 'SMALL_SCALE', 20, 1, 'platform', 0, 0, 0, NULL),
  ('00000000-0000-0000-0121-000000000003', '2026-05-23 08:56:00.644380', '2026-05-23 08:56:00.644380', NULL, NULL, 'TAXPAYER_TYPE', '其他', 'OTHER', 30, 1, 'platform', 0, 0, 0, NULL);

-- ---------- units (7 行) ----------
INSERT IGNORE INTO `units` (`id`, `createdAt`, `updatedAt`, `deletedAt`, `tenantId`, `name`, `code`, `category`, `symbol`, `description`, `isActive`, `sortOrder`, `baseRatio`, `baseUnitCode`) VALUES
  ('00000000-0000-0000-0201-000000000001', '2026-05-24 10:32:19.631094', '2026-05-24 10:32:19.631094', NULL, NULL, '个', 'PCS', 'COUNT', '个', '通用计数单位', 1, 10, '1.00', ''),
  ('00000000-0000-0000-0201-000000000002', '2026-05-24 10:32:19.631094', '2026-05-24 10:32:19.631094', NULL, NULL, '件', 'PIECE', 'COUNT', '件', '通用计数单位', 1, 20, '1.00', ''),
  ('00000000-0000-0000-0201-000000000003', '2026-05-24 10:32:19.631094', '2026-05-24 10:32:19.631094', NULL, NULL, '箱', 'BOX', 'COUNT', '箱', '包装单位', 1, 30, '1.00', ''),
  ('00000000-0000-0000-0201-000000000004', '2026-05-24 10:32:19.631094', '2026-05-24 10:32:19.631094', NULL, NULL, '千克', 'KG', 'WEIGHT', 'kg', '重量单位', 1, 10, '1.00', ''),
  ('00000000-0000-0000-0201-000000000005', '2026-05-24 10:32:19.631094', '2026-05-24 10:32:19.631094', NULL, NULL, '克', 'G', 'WEIGHT', 'g', '重量基准单位', 1, 20, '1.00', ''),
  ('00000000-0000-0000-0201-000000000006', '2026-05-24 10:32:19.631094', '2026-05-24 10:32:19.631094', NULL, NULL, '米', 'M', 'LENGTH', 'm', '长度单位', 1, 10, '1.00', ''),
  ('00000000-0000-0000-0201-000000000007', '2026-05-24 10:32:19.631094', '2026-05-24 10:32:19.631094', NULL, NULL, '毫米', 'MM', 'LENGTH', 'mm', '长度基准单位', 1, 20, '1.00', '');

-- ---------- categories (1 行) ----------
INSERT IGNORE INTO `categories` (`id`, `createdAt`, `updatedAt`, `deletedAt`, `tenantId`, `name`, `code`, `isActive`) VALUES
  ('00000000-0000-0000-0204-000000000001', '2026-05-24 10:32:19.642086', '2026-05-24 10:32:19.642086', NULL, NULL, '通用产品', 'CAT_GENERAL', 1);

-- ---------- attributes (4 行) ----------
INSERT IGNORE INTO `attributes` (`id`, `createdAt`, `updatedAt`, `deletedAt`, `tenantId`, `name`, `code`, `type`, `unit`, `isActive`) VALUES
  ('00000000-0000-0000-0202-000000000001', '2026-05-24 10:32:19.634912', '2026-05-24 10:32:19.634912', NULL, NULL, '材质', 'ATTR_MATERIAL', 'select', NULL, 1),
  ('00000000-0000-0000-0202-000000000002', '2026-05-24 10:32:19.634912', '2026-05-24 10:32:19.634912', NULL, NULL, '规格', 'ATTR_SPEC', 'input', NULL, 1),
  ('00000000-0000-0000-0202-000000000003', '2026-05-24 10:32:19.634912', '2026-05-24 10:32:19.634912', NULL, NULL, '型号', 'ATTR_MODEL', 'input', NULL, 1),
  ('00000000-0000-0000-0202-000000000004', '2026-05-24 10:32:19.634912', '2026-05-24 10:32:19.634912', NULL, NULL, '长度', 'ATTR_LENGTH', 'number', 'mm', 1);

-- ---------- attribute_options (4 行) ----------
INSERT IGNORE INTO `attribute_options` (`id`, `createdAt`, `updatedAt`, `tenantId`, `attributeId`, `value`, `isActive`, `sort`) VALUES
  ('00000000-0000-0000-0203-000000000001', '2026-05-24 10:32:19.638812', '2026-05-24 10:32:19.638812', NULL, '00000000-0000-0000-0202-000000000001', '不锈钢', 1, 10),
  ('00000000-0000-0000-0203-000000000002', '2026-05-24 10:32:19.638812', '2026-05-24 10:32:19.638812', NULL, '00000000-0000-0000-0202-000000000001', '碳钢', 1, 20),
  ('00000000-0000-0000-0203-000000000003', '2026-05-24 10:32:19.638812', '2026-05-24 10:32:19.638812', NULL, '00000000-0000-0000-0202-000000000001', '铝合金', 1, 30),
  ('00000000-0000-0000-0203-000000000004', '2026-05-24 10:32:19.638812', '2026-05-24 10:32:19.638812', NULL, '00000000-0000-0000-0202-000000000001', '塑料', 1, 40);

-- ---------- category_attributes (4 行) ----------
INSERT IGNORE INTO `category_attributes` (`categoriesId`, `attributesId`) VALUES
  ('00000000-0000-0000-0204-000000000001', '00000000-0000-0000-0202-000000000001'),
  ('00000000-0000-0000-0204-000000000001', '00000000-0000-0000-0202-000000000002'),
  ('00000000-0000-0000-0204-000000000001', '00000000-0000-0000-0202-000000000003'),
  ('00000000-0000-0000-0204-000000000001', '00000000-0000-0000-0202-000000000004');

-- ---------- departments (6 行) ----------
INSERT IGNORE INTO `departments` (`id`, `createdAt`, `updatedAt`, `deletedAt`, `tenantId`, `parentId`, `deptCode`, `deptName`, `orderNum`, `leader`, `phone`, `email`, `isActive`) VALUES
  ('00000000-0000-0000-0200-000000000001', '2026-05-23 08:56:24.192238', '2026-05-23 08:56:24.192238', NULL, NULL, NULL, 'PLATFORM', '平台总部', 10, NULL, NULL, NULL, 1),
  ('00000000-0000-0000-0200-000000000002', '2026-05-23 08:56:24.192238', '2026-05-23 08:56:24.192238', NULL, NULL, '00000000-0000-0000-0200-000000000001', 'PLATFORM_PRODUCT', '产品部', 20, NULL, NULL, NULL, 1),
  ('00000000-0000-0000-0200-000000000003', '2026-05-23 08:56:24.192238', '2026-05-23 08:56:24.192238', NULL, NULL, '00000000-0000-0000-0200-000000000001', 'PLATFORM_TECH', '技术部', 30, NULL, NULL, NULL, 1),
  ('00000000-0000-0000-0200-000000000004', '2026-05-23 08:56:24.192238', '2026-05-23 08:56:24.192238', NULL, NULL, '00000000-0000-0000-0200-000000000001', 'PLATFORM_OPERATION', '运营部', 40, NULL, NULL, NULL, 1),
  ('00000000-0000-0000-0200-000000000005', '2026-05-23 08:56:24.192238', '2026-05-23 08:56:24.192238', NULL, NULL, '00000000-0000-0000-0200-000000000001', 'PLATFORM_CUSTOMER_SUCCESS', '客户成功部', 50, NULL, NULL, NULL, 1),
  ('00000000-0000-0000-0200-000000000006', '2026-05-23 08:56:24.192238', '2026-05-23 08:56:24.192238', NULL, NULL, '00000000-0000-0000-0200-000000000001', 'PLATFORM_FINANCE', '财务部', 60, NULL, NULL, NULL, 1);

-- ---------- posts (7 行) ----------
INSERT IGNORE INTO `posts` (`id`, `createdAt`, `updatedAt`, `deletedAt`, `tenantId`, `postCode`, `postName`, `postSort`, `isActive`, `remark`) VALUES
  ('00000000-0000-0000-0201-000000000001', '2026-05-23 08:56:24.192613', '2026-05-23 08:56:24.192613', NULL, NULL, 'PLATFORM_ADMIN', '平台管理员', 10, 1, '平台系统管理岗位'),
  ('00000000-0000-0000-0201-000000000002', '2026-05-23 08:56:24.192613', '2026-05-23 08:56:24.192613', NULL, NULL, 'PRODUCT_MANAGER', '产品经理', 20, 1, '负责需求、PRD、版本规划'),
  ('00000000-0000-0000-0201-000000000003', '2026-05-23 08:56:24.192613', '2026-05-23 08:56:24.192613', NULL, NULL, 'TECH_ENGINEER', '技术工程师', 30, 1, '负责系统研发、接口和数据结构维护'),
  ('00000000-0000-0000-0201-000000000004', '2026-05-23 08:56:24.192613', '2026-05-23 08:56:24.192613', NULL, NULL, 'OPERATION_SPECIALIST', '运营专员', 40, 1, '负责租户运营、资料维护和日常配置'),
  ('00000000-0000-0000-0201-000000000005', '2026-05-23 08:56:24.192613', '2026-05-23 08:56:24.192613', NULL, NULL, 'CUSTOMER_SUCCESS', '客户成功', 50, 1, '负责租户服务、培训和问题跟进'),
  ('00000000-0000-0000-0201-000000000006', '2026-05-23 08:56:24.192613', '2026-05-23 08:56:24.192613', NULL, NULL, 'FINANCE_SPECIALIST', '财务专员', 60, 1, '负责合同、账务和开票协同'),
  ('00000000-0000-0000-0201-000000000007', '2026-05-23 08:56:24.192613', '2026-05-23 08:56:24.192613', NULL, NULL, 'AUDITOR', '审核员', 70, 1, '负责租户入驻审核和资料核验');

-- ---------- menus (111 行) ----------
INSERT IGNORE INTO `menus` (`id`, `code`, `scope`, `name`, `routePath`, `componentPath`, `icon`, `sortOrder`, `isHidden`, `isActive`, `type`, `parentId`, `description`, `createdAt`) VALUES
  (1, 'platform:dashboard', 'platform', '平台工作台', '/', NULL, 'IconHome', 10, 0, 1, 'MENU', 0, '平台工作台', '2026-05-20 07:16:49.836316'),
  (2, 'platform:tenant', 'platform', '租户管理', '/tenants', NULL, 'IconUserGroup', 20, 0, 1, 'DIRECTORY', 0, '租户管理', '2026-05-20 07:16:49.836316'),
  (3, 'platform:tenant:list', 'platform', '租户列表', '/tenants', NULL, 'IconUserGroup', 0, 0, 1, 'MENU', 2, '租户列表', '2026-05-20 07:16:49.836316'),
  (4, 'platform:tenant:create', 'platform', '新增租户', NULL, NULL, NULL, 0, 0, 1, 'BUTTON', 3, '新增租户', '2026-05-20 07:16:49.836316'),
  (5, 'platform:tenant:update', 'platform', '编辑租户', NULL, NULL, NULL, 0, 0, 1, 'BUTTON', 3, '编辑租户', '2026-05-20 07:16:49.836316'),
  (6, 'platform:tenant:delete', 'platform', '删除租户', NULL, NULL, NULL, 0, 0, 1, 'BUTTON', 3, '删除租户', '2026-05-20 07:16:49.836316'),
  (7, 'platform:tenant:approve', 'platform', '审核租户', NULL, NULL, NULL, 0, 0, 1, 'BUTTON', 3, '审核租户', '2026-05-20 07:16:49.836316'),
  (8, 'platform:tenant:status', 'platform', '启用/禁用租户', NULL, NULL, NULL, 0, 0, 1, 'BUTTON', 3, '启用或禁用租户', '2026-05-20 07:16:49.836316'),
  (9, 'platform:user', 'platform', '平台用户', '/settings/platform-users', NULL, 'IconUserGroup', 0, 0, 1, 'MENU', 58, '平台用户', '2026-05-20 07:16:49.836316'),
  (10, 'platform:role', 'platform', '平台角色', '/settings/platform-roles', NULL, 'IconSetting', 0, 0, 1, 'MENU', 58, '平台角色', '2026-05-20 07:16:49.836316'),
  (11, 'platform:menu', 'platform', '平台菜单', '/settings/platform-menus', NULL, 'IconList', 0, 0, 1, 'MENU', 58, '平台菜单', '2026-05-20 07:16:49.836316'),
  (12, 'platform:permission', 'platform', '平台权限', '/settings/platform-permissions', NULL, NULL, 0, 1, 1, 'MENU', 58, '平台权限', '2026-05-20 07:16:49.836316'),
  (13, 'platform:audit-log', 'platform', '平台审计', '/settings/platform-audit-logs', NULL, 'IconList', 0, 0, 1, 'MENU', 58, '平台操作审计', '2026-05-20 07:16:49.836316'),
  (14, 'platform:config', 'platform', '平台配置', '/settings/dict', NULL, 'IconSetting', 0, 0, 1, 'MENU', 58, '平台配置', '2026-05-20 07:16:49.836316'),
  (15, 'tenant:dashboard', 'tenant', '工作台', '/', NULL, 'IconHome', 10, 0, 1, 'MENU', 0, '租户工作台', '2026-05-20 07:16:49.836316'),
  (16, 'tenant:base', 'tenant', '基础资料', '/base', NULL, 'IconAppCenter', 20, 0, 1, 'MENU', 0, '基础资料', '2026-05-20 07:16:49.836316'),
  (17, 'tenant:unit:list', 'tenant', '单位管理', '/inventory/unit', NULL, NULL, 50, 0, 1, 'MENU', 29, '单位管理', '2026-05-20 07:16:49.836316'),
  (18, 'tenant:user:list', 'tenant', '员工管理', '/users', NULL, NULL, 20, 0, 1, 'MENU', 367, '员工管理', '2026-05-20 07:16:49.836316'),
  (19, 'tenant:user:create', 'tenant', '新增员工', NULL, NULL, NULL, 10, 0, 1, 'BUTTON', 18, '新增员工', '2026-05-20 07:16:49.836316'),
  (20, 'tenant:user:update', 'tenant', '编辑员工', NULL, NULL, NULL, 20, 0, 1, 'BUTTON', 18, '编辑员工', '2026-05-20 07:16:49.836316'),
  (21, 'tenant:user:delete', 'tenant', '删除员工', NULL, NULL, NULL, 30, 0, 1, 'BUTTON', 18, '删除员工', '2026-05-20 07:16:49.836316'),
  (22, 'tenant:role:list', 'tenant', '角色管理', '/settings/roles', NULL, NULL, 30, 0, 1, 'MENU', 367, '角色管理', '2026-05-20 07:16:49.836316'),
  (23, 'tenant:role:create', 'tenant', '新增角色', NULL, NULL, NULL, 10, 0, 1, 'BUTTON', 22, '新增角色', '2026-05-20 07:16:49.836316'),
  (24, 'tenant:role:update', 'tenant', '编辑角色', NULL, NULL, NULL, 20, 0, 1, 'BUTTON', 22, '编辑角色', '2026-05-20 07:16:49.836316'),
  (25, 'tenant:role:delete', 'tenant', '删除角色', NULL, NULL, NULL, 30, 0, 1, 'BUTTON', 22, '删除角色', '2026-05-20 07:16:49.836316'),
  (26, 'tenant:menu:list', 'tenant', '菜单管理', '/settings/permissions', NULL, NULL, 10, 0, 1, 'MENU', 367, '租户菜单', '2026-05-20 07:16:49.836316'),
  (27, 'tenant:dict', 'tenant', '租户字典', '/settings/dict', NULL, NULL, 60, 0, 1, 'MENU', 367, '租户字典', '2026-05-20 07:16:49.836316'),
  (28, 'tenant:audit-log', 'tenant', '操作日志', '/settings/operation-logs', NULL, NULL, 70, 0, 1, 'MENU', 367, '租户操作日志', '2026-05-20 07:16:49.836316'),
  (29, 'tenant:product', 'tenant', '产品管理', '/product', NULL, 'IconKanban', 40, 0, 1, 'DIRECTORY', 0, '产品管理', '2026-05-20 07:16:49.836316'),
  (30, 'tenant:product:list', 'tenant', '产品列表', '/product/list', NULL, NULL, 10, 0, 1, 'MENU', 29, '产品列表', '2026-05-20 07:16:49.836316'),
  (31, 'tenant:product:create', 'tenant', '新增产品', NULL, NULL, NULL, 10, 0, 1, 'BUTTON', 30, '新增产品', '2026-05-20 07:16:49.836316'),
  (32, 'tenant:product:update', 'tenant', '编辑产品', NULL, NULL, NULL, 20, 0, 1, 'BUTTON', 30, '编辑产品', '2026-05-20 07:16:49.836316'),
  (33, 'tenant:product:delete', 'tenant', '删除产品', NULL, NULL, NULL, 30, 0, 1, 'BUTTON', 30, '删除产品', '2026-05-20 07:16:49.836316'),
  (34, 'tenant:product:import', 'tenant', '导入产品', NULL, NULL, NULL, 40, 0, 1, 'BUTTON', 30, '导入产品', '2026-05-20 07:16:49.836316'),
  (35, 'tenant:category:list', 'tenant', '类目管理', '/category/list', NULL, NULL, 20, 0, 1, 'MENU', 29, '类目管理', '2026-05-20 07:16:49.836316'),
  (36, 'tenant:attribute:list', 'tenant', '属性管理', '/product/attr', NULL, NULL, 30, 0, 1, 'MENU', 29, '属性管理', '2026-05-20 07:16:49.836316'),
  (37, 'tenant:spec:list', 'tenant', '规格管理', '/product/spec', NULL, NULL, 40, 0, 1, 'MENU', 29, '规格管理', '2026-05-20 07:16:49.836316'),
  (38, 'tenant:warehouse', 'tenant', '仓库管理', '/warehouse', NULL, 'IconHome', 60, 0, 1, 'DIRECTORY', 0, '仓库管理', '2026-05-20 07:16:49.836316'),
  (39, 'tenant:location:list', 'tenant', '库位管理', '/warehouse/list', NULL, NULL, 10, 0, 1, 'MENU', 38, '库位管理', '2026-05-20 07:16:49.836316'),
  (40, 'tenant:location:create', 'tenant', '新增库位', NULL, NULL, NULL, 10, 0, 1, 'BUTTON', 39, '新增库位', '2026-05-20 07:16:49.836316'),
  (41, 'tenant:location:update', 'tenant', '编辑库位', NULL, NULL, NULL, 20, 0, 1, 'BUTTON', 39, '编辑库位', '2026-05-20 07:16:49.836316'),
  (42, 'tenant:location:delete', 'tenant', '删除库位', NULL, NULL, NULL, 30, 0, 1, 'BUTTON', 39, '删除库位', '2026-05-20 07:16:49.836316'),
  (43, 'tenant:inventory', 'tenant', '库存管理', '/inventory', NULL, 'IconKanban', 70, 0, 1, 'DIRECTORY', 0, '库存管理', '2026-05-20 07:16:49.836316'),
  (44, 'tenant:inventory:list', 'tenant', '库存查询', '/inventory/list', NULL, NULL, 10, 0, 1, 'MENU', 43, '库存查询', '2026-05-20 07:16:49.836316'),
  (45, 'tenant:inventory:inbound', 'tenant', '入库管理', '/inventory/inbound', NULL, NULL, 20, 0, 1, 'MENU', 43, '入库管理', '2026-05-20 07:16:49.836316'),
  (46, 'tenant:inventory:outbound', 'tenant', '出库管理', '/inventory/outbound', NULL, NULL, 30, 0, 1, 'MENU', 43, '出库管理', '2026-05-20 07:16:49.836316'),
  (47, 'tenant:inventory:adjust', 'tenant', '库存调整', NULL, NULL, NULL, 10, 0, 1, 'BUTTON', 44, '库存调整', '2026-05-20 07:16:49.836316'),
  (48, 'tenant:inventory:transaction:list', 'tenant', '库存流水', '/inventory/transactions', NULL, NULL, 40, 0, 1, 'MENU', 43, '库存流水', '2026-05-20 07:16:49.836316'),
  (49, 'tenant:inventory:alert:list', 'tenant', '库存预警', '/inventory/alerts', NULL, NULL, 50, 0, 1, 'MENU', 43, '库存预警', '2026-05-20 07:16:49.836316'),
  (50, 'tenant:order', 'tenant', '订购管理', '/orders', NULL, 'IconList', 50, 0, 1, 'DIRECTORY', 0, '订单管理', '2026-05-20 07:16:49.836316'),
  (51, 'tenant:order:list', 'tenant', '订购列表', '/orders', NULL, NULL, 10, 0, 1, 'MENU', 50, '订单列表', '2026-05-20 07:16:49.836316'),
  (52, 'tenant:order:create', 'tenant', '新增订购单', NULL, NULL, NULL, 10, 1, 1, 'BUTTON', 51, '新增订单', '2026-05-20 07:16:49.836316'),
  (53, 'tenant:order:update', 'tenant', '编辑订购单', NULL, NULL, NULL, 20, 1, 1, 'BUTTON', 51, '编辑订单', '2026-05-20 07:16:49.836316'),
  (54, 'tenant:order:delete', 'tenant', '删除订购单', NULL, NULL, NULL, 30, 1, 1, 'BUTTON', 51, '删除订单', '2026-05-20 07:16:49.836316'),
  (55, 'tenant:portal', 'tenant', '官网管理', '/website', NULL, 'IconGlobeStroke', 30, 0, 1, 'DIRECTORY', 0, '官网管理', '2026-05-20 07:16:49.836316'),
  (56, 'tenant:portal:config', 'tenant', '官网配置', '/website/config', NULL, NULL, 10, 0, 1, 'MENU', 55, '官网配置', '2026-05-20 07:16:49.836316'),
  (57, 'tenant:portal:inquiry:list', 'tenant', '询盘管理', '/website/inquiry', NULL, NULL, 20, 0, 1, 'MENU', 55, '询盘管理', '2026-05-20 07:16:49.836316'),
  (58, 'platform:settings', 'platform', '系统设置', '/settings', NULL, 'IconSetting', 990, 0, 1, 'DIRECTORY', 0, '系统设置', '2026-05-22 05:57:53.630765'),
  (235, 'platform:dept', 'platform', '平台部门', '/settings/dept', NULL, 'IconUserGroup', 0, 0, 1, 'MENU', 58, '平台部门', '2026-05-23 08:36:17.726017'),
  (236, 'platform:post', 'platform', '平台岗位', '/settings/post', NULL, 'IconUserGroup', 0, 0, 1, 'MENU', 58, '平台岗位', '2026-05-23 08:36:17.726017'),
  (237, 'tenant:dept', 'tenant', '部门管理', '/settings/dept', NULL, NULL, 40, 0, 1, 'MENU', 367, '部门管理', '2026-05-23 08:36:17.726017'),
  (238, 'tenant:post', 'tenant', '岗位管理', '/settings/post', NULL, NULL, 50, 0, 1, 'MENU', 367, '岗位管理', '2026-05-23 08:36:17.726017'),
  (366, 'tenant:org', 'tenant', '组织权限', NULL, NULL, NULL, 90, 1, 1, 'DIRECTORY', 0, NULL, '2026-05-23 20:14:36.000000'),
  (367, 'tenant:settings', 'tenant', '系统设置', NULL, NULL, 'IconSetting', 990, 0, 1, 'DIRECTORY', 0, NULL, '2026-05-23 20:14:36.000000'),
  (368, 'platform:user:create', 'platform', '新增平台用户', NULL, NULL, NULL, 10, 0, 1, 'BUTTON', 9, NULL, '2026-05-23 20:44:28.000000'),
  (369, 'platform:user:update', 'platform', '编辑平台用户', NULL, NULL, NULL, 20, 0, 1, 'BUTTON', 9, NULL, '2026-05-23 20:44:28.000000'),
  (370, 'platform:user:delete', 'platform', '删除平台用户', NULL, NULL, NULL, 30, 0, 1, 'BUTTON', 9, NULL, '2026-05-23 20:44:28.000000'),
  (371, 'platform:user:status', 'platform', '启用/禁用平台用户', NULL, NULL, NULL, 40, 0, 1, 'BUTTON', 9, NULL, '2026-05-23 20:44:28.000000'),
  (372, 'platform:user:reset-password', 'platform', '重置平台用户密码', NULL, NULL, NULL, 50, 0, 1, 'BUTTON', 9, NULL, '2026-05-23 20:44:28.000000'),
  (373, 'platform:role:create', 'platform', '新增平台角色', NULL, NULL, NULL, 10, 0, 1, 'BUTTON', 10, NULL, '2026-05-23 20:44:28.000000'),
  (374, 'platform:role:update', 'platform', '编辑平台角色', NULL, NULL, NULL, 20, 0, 1, 'BUTTON', 10, NULL, '2026-05-23 20:44:28.000000'),
  (375, 'platform:role:delete', 'platform', '删除平台角色', NULL, NULL, NULL, 30, 0, 1, 'BUTTON', 10, NULL, '2026-05-23 20:44:28.000000'),
  (376, 'platform:menu:create', 'platform', '新增平台菜单', NULL, NULL, NULL, 10, 0, 1, 'BUTTON', 11, NULL, '2026-05-23 20:44:28.000000'),
  (377, 'platform:menu:update', 'platform', '编辑平台菜单', NULL, NULL, NULL, 20, 0, 1, 'BUTTON', 11, NULL, '2026-05-23 20:44:28.000000'),
  (378, 'platform:menu:delete', 'platform', '删除平台菜单', NULL, NULL, NULL, 30, 0, 1, 'BUTTON', 11, NULL, '2026-05-23 20:44:29.000000'),
  (379, 'platform:template:category', 'platform', '标准类目', '/settings/platform-templates/categories', NULL, 'IconList', 10, 0, 1, 'MENU', 382, '平台标准类目模板', '2026-05-24 10:38:28.796101'),
  (380, 'platform:template:attribute', 'platform', '标准属性', '/settings/platform-templates/attributes', NULL, 'IconAppCenter', 20, 0, 1, 'MENU', 382, '平台标准属性模板', '2026-05-24 10:38:28.796101'),
  (381, 'platform:template:unit', 'platform', '标准单位', '/settings/platform-templates/units', NULL, 'IconKanban', 30, 0, 1, 'MENU', 382, '平台标准单位模板', '2026-05-24 10:38:28.796101'),
  (382, 'platform:template', 'platform', '模板管理', '/settings/platform-templates', NULL, 'IconList', 30, 0, 1, 'DIRECTORY', 0, '平台标准模板管理', '2026-05-24 10:43:24.684527'),
  (387, 'tenant:product:status', 'tenant', '启用/禁用产品', NULL, NULL, NULL, 40, 1, 1, 'BUTTON', 30, '启用或禁用产品', '2026-05-24 18:59:24.042051'),
  (388, 'tenant:category:create', 'tenant', '新增类目', NULL, NULL, NULL, 10, 1, 1, 'BUTTON', 35, '新增类目', '2026-05-24 18:59:24.042051'),
  (389, 'tenant:category:update', 'tenant', '编辑类目', NULL, NULL, NULL, 20, 1, 1, 'BUTTON', 35, '编辑类目', '2026-05-24 18:59:24.042051'),
  (390, 'tenant:category:delete', 'tenant', '删除类目', NULL, NULL, NULL, 30, 1, 1, 'BUTTON', 35, '删除类目', '2026-05-24 18:59:24.042051'),
  (391, 'tenant:category:status', 'tenant', '启用/禁用类目', NULL, NULL, NULL, 40, 1, 1, 'BUTTON', 35, '启用或禁用类目', '2026-05-24 18:59:24.042051'),
  (392, 'tenant:attribute:create', 'tenant', '新增属性', NULL, NULL, NULL, 10, 1, 1, 'BUTTON', 36, '新增属性', '2026-05-24 18:59:24.042051'),
  (393, 'tenant:attribute:update', 'tenant', '编辑属性', NULL, NULL, NULL, 20, 1, 1, 'BUTTON', 36, '编辑属性', '2026-05-24 18:59:24.042051'),
  (394, 'tenant:attribute:delete', 'tenant', '删除属性', NULL, NULL, NULL, 30, 1, 1, 'BUTTON', 36, '删除属性', '2026-05-24 18:59:24.042051'),
  (395, 'tenant:attribute:status', 'tenant', '启用/禁用属性', NULL, NULL, NULL, 40, 1, 1, 'BUTTON', 36, '启用或禁用属性', '2026-05-24 18:59:24.042051'),
  (396, 'tenant:attribute:import', 'tenant', '导入属性', NULL, NULL, NULL, 50, 1, 1, 'BUTTON', 36, '导入属性', '2026-05-24 18:59:24.042051'),
  (397, 'tenant:spec:create', 'tenant', '新增规格', NULL, NULL, NULL, 10, 1, 1, 'BUTTON', 37, '新增规格', '2026-05-24 18:59:24.042051'),
  (398, 'tenant:spec:update', 'tenant', '编辑规格', NULL, NULL, NULL, 20, 1, 1, 'BUTTON', 37, '编辑规格', '2026-05-24 18:59:24.042051'),
  (399, 'tenant:spec:delete', 'tenant', '删除规格', NULL, NULL, NULL, 30, 1, 1, 'BUTTON', 37, '删除规格', '2026-05-24 18:59:24.042051'),
  (400, 'tenant:spec:status', 'tenant', '启用/禁用规格', NULL, NULL, NULL, 40, 1, 1, 'BUTTON', 37, '启用或禁用规格', '2026-05-24 18:59:24.042051'),
  (401, 'tenant:unit:create', 'tenant', '新增单位', NULL, NULL, NULL, 10, 1, 1, 'BUTTON', 17, '新增单位', '2026-05-24 18:59:24.042051'),
  (402, 'tenant:unit:update', 'tenant', '编辑单位', NULL, NULL, NULL, 20, 1, 1, 'BUTTON', 17, '编辑单位', '2026-05-24 18:59:24.042051'),
  (403, 'tenant:unit:delete', 'tenant', '删除单位', NULL, NULL, NULL, 30, 1, 1, 'BUTTON', 17, '删除单位', '2026-05-24 18:59:24.042051'),
  (404, 'tenant:unit:status', 'tenant', '启用/禁用单位', NULL, NULL, NULL, 40, 1, 1, 'BUTTON', 17, '启用或禁用单位', '2026-05-24 18:59:24.042051'),
  (410, 'tenant:order:flow', 'tenant', '订购单流转', NULL, NULL, NULL, 40, 1, 1, 'BUTTON', 51, '订单流转', '2026-05-24 19:16:16.938391'),
  (411, 'tenant:location:visual', 'tenant', '仓库可视化', '/warehouse/visual', NULL, 'IconMapPin', 5, 0, 1, 'MENU', 38, '二维库位地图与库存定位', '2026-05-24 19:57:44.140507'),
  (412, 'tenant:portal:job:list', 'tenant', '招聘管理', '/website/jobs', 'website/jobs/page', NULL, 30, 0, 1, 'MENU', 55, '招聘管理', '2026-05-30 16:37:04.601268'),
  (413, 'platform:miniapp', 'platform', '小程序管理', '/miniapp', NULL, 'IconPhoneStroked', 80, 0, 1, 'DIRECTORY', 0, '平台小程序管理', '2026-05-30 20:00:27.322555'),
  (414, 'platform:miniapp:member:list', 'platform', '会员列表', '/miniapp/members', 'miniapp/members/page', NULL, 10, 0, 1, 'MENU', 413, '小程序会员列表', '2026-05-30 20:00:27.325434'),
  (415, 'platform:miniapp:member:status', 'platform', '启用/禁用会员', NULL, NULL, NULL, 10, 1, 1, 'BUTTON', 414, '启用或禁用小程序会员', '2026-05-30 20:00:27.328256'),
  (416, 'platform:miniapp:member:remark', 'platform', '保存会员备注', NULL, NULL, NULL, 20, 1, 1, 'BUTTON', 414, '保存小程序会员后台备注', '2026-05-30 20:00:27.328256'),
  (429, 'platform:miniapp:category:list', 'platform', '分类管理', '/miniapp/categories', 'miniapp/categories/page', NULL, 5, 0, 1, 'MENU', 413, '小程序首页分类管理', '2026-05-31 09:27:24.517827'),
  (430, 'platform:miniapp:banner:list', 'platform', '轮播图管理', '/miniapp/banners', 'miniapp/banners/page', NULL, 6, 0, 1, 'MENU', 413, '小程序首页轮播图管理', '2026-05-31 09:27:24.620824'),
  (431, 'platform:miniapp:post:list', 'platform', '信息审核', '/miniapp/posts', 'miniapp/posts/page', NULL, 7, 0, 1, 'MENU', 413, '小程序发布信息审核管理', '2026-05-31 11:03:57.975099'),
  (433, 'tenant:ptl', 'tenant', '货位灯', '/warehouse/ptl', NULL, 'IconBolt', 15, 0, 1, 'MENU', 38, '货位灯找货、控制器与库位灯绑定', '2026-06-19 08:17:23.575642'),
  (434, 'tenant:ptl:controller', 'tenant', '货位灯控制器管理', NULL, NULL, NULL, 10, 0, 1, 'BUTTON', 433, '新增、编辑、删除 PTL 控制器', '2026-06-19 08:17:23.579128'),
  (435, 'tenant:ptl:binding', 'tenant', '货位灯绑定管理', NULL, NULL, NULL, 20, 0, 1, 'BUTTON', 433, '新增、编辑、删除、校准库位灯绑定', '2026-06-19 08:17:23.579128'),
  (436, 'tenant:ptl:task', 'tenant', '货位灯找货任务', NULL, NULL, NULL, 30, 0, 1, 'BUTTON', 433, '按 SKU 点灯、灭灯、确认找货任务', '2026-06-19 08:17:23.579128');

-- ---------- permissions (62 行) ----------
INSERT IGNORE INTO `permissions` (`id`, `code`, `name`, `type`, `parentId`, `description`, `createdAt`, `scope`, `routePath`, `componentPath`, `icon`, `sortOrder`, `isHidden`, `isActive`) VALUES
  (1, 'platform:dashboard', '平台工作台', 'MENU', 0, '平台工作台', '2026-05-20 07:16:49.836316', 'tenant', NULL, NULL, NULL, 0, 0, 1),
  (2, 'platform:tenant', '租户管理', 'DIRECTORY', 0, '租户管理', '2026-05-20 07:16:49.836316', 'tenant', NULL, NULL, NULL, 0, 0, 1),
  (3, 'platform:tenant:list', '租户列表', 'MENU', 2, '租户列表', '2026-05-20 07:16:49.836316', 'tenant', NULL, NULL, NULL, 0, 0, 1),
  (4, 'platform:tenant:create', '新增租户', 'BUTTON', 3, '新增租户', '2026-05-20 07:16:49.836316', 'tenant', NULL, NULL, NULL, 0, 0, 1),
  (5, 'platform:tenant:update', '编辑租户', 'BUTTON', 3, '编辑租户', '2026-05-20 07:16:49.836316', 'tenant', NULL, NULL, NULL, 0, 0, 1),
  (6, 'platform:tenant:delete', '删除租户', 'BUTTON', 3, '删除租户', '2026-05-20 07:16:49.836316', 'tenant', NULL, NULL, NULL, 0, 0, 1),
  (7, 'platform:tenant:approve', '审核租户', 'BUTTON', 3, '审核租户', '2026-05-20 07:16:49.836316', 'tenant', NULL, NULL, NULL, 0, 0, 1),
  (8, 'platform:tenant:status', '启用/禁用租户', 'BUTTON', 3, '启用或禁用租户', '2026-05-20 07:16:49.836316', 'tenant', NULL, NULL, NULL, 0, 0, 1),
  (9, 'platform:user', '平台用户', 'MENU', 58, '平台用户', '2026-05-20 07:16:49.836316', 'tenant', NULL, NULL, NULL, 0, 0, 1),
  (10, 'platform:role', '平台角色', 'MENU', 58, '平台角色', '2026-05-20 07:16:49.836316', 'tenant', NULL, NULL, NULL, 0, 0, 1),
  (11, 'platform:menu', '平台菜单', 'MENU', 58, '平台菜单', '2026-05-20 07:16:49.836316', 'tenant', NULL, NULL, NULL, 0, 0, 1),
  (12, 'platform:permission', '平台权限', 'MENU', 58, '平台权限', '2026-05-20 07:16:49.836316', 'tenant', NULL, NULL, NULL, 0, 0, 1),
  (13, 'platform:audit-log', '平台审计', 'MENU', 58, '平台操作审计', '2026-05-20 07:16:49.836316', 'tenant', NULL, NULL, NULL, 0, 0, 1),
  (14, 'platform:config', '平台配置', 'MENU', 58, '平台配置', '2026-05-20 07:16:49.836316', 'tenant', NULL, NULL, NULL, 0, 0, 1),
  (15, 'tenant:dashboard', '工作台', 'MENU', 0, '租户工作台', '2026-05-20 07:16:49.836316', 'tenant', NULL, NULL, NULL, 0, 0, 1),
  (16, 'tenant:base', '基础资料', 'MENU', 0, '基础资料', '2026-05-20 07:16:49.836316', 'tenant', NULL, NULL, NULL, 0, 0, 1),
  (17, 'tenant:unit:list', '单位管理', 'MENU', 0, '单位管理', '2026-05-20 07:16:49.836316', 'tenant', NULL, NULL, NULL, 0, 0, 1),
  (18, 'tenant:user:list', '员工管理', 'MENU', 0, '员工管理', '2026-05-20 07:16:49.836316', 'tenant', NULL, NULL, NULL, 0, 0, 1),
  (19, 'tenant:user:create', '新增员工', 'BUTTON', 0, '新增员工', '2026-05-20 07:16:49.836316', 'tenant', NULL, NULL, NULL, 0, 0, 1),
  (20, 'tenant:user:update', '编辑员工', 'BUTTON', 0, '编辑员工', '2026-05-20 07:16:49.836316', 'tenant', NULL, NULL, NULL, 0, 0, 1),
  (21, 'tenant:user:delete', '删除员工', 'BUTTON', 0, '删除员工', '2026-05-20 07:16:49.836316', 'tenant', NULL, NULL, NULL, 0, 0, 1),
  (22, 'tenant:role:list', '角色管理', 'MENU', 0, '角色管理', '2026-05-20 07:16:49.836316', 'tenant', NULL, NULL, NULL, 0, 0, 1),
  (23, 'tenant:role:create', '新增角色', 'BUTTON', 0, '新增角色', '2026-05-20 07:16:49.836316', 'tenant', NULL, NULL, NULL, 0, 0, 1),
  (24, 'tenant:role:update', '编辑角色', 'BUTTON', 0, '编辑角色', '2026-05-20 07:16:49.836316', 'tenant', NULL, NULL, NULL, 0, 0, 1),
  (25, 'tenant:role:delete', '删除角色', 'BUTTON', 0, '删除角色', '2026-05-20 07:16:49.836316', 'tenant', NULL, NULL, NULL, 0, 0, 1),
  (26, 'tenant:menu:list', '租户菜单', 'MENU', 0, '租户菜单', '2026-05-20 07:16:49.836316', 'tenant', NULL, NULL, NULL, 0, 0, 1),
  (27, 'tenant:dict', '租户字典', 'MENU', 0, '租户字典', '2026-05-20 07:16:49.836316', 'tenant', NULL, NULL, NULL, 0, 0, 1),
  (28, 'tenant:audit-log', '操作日志', 'MENU', 0, '租户操作日志', '2026-05-20 07:16:49.836316', 'tenant', NULL, NULL, NULL, 0, 0, 1),
  (29, 'tenant:product', '产品管理', 'DIRECTORY', 0, '产品管理', '2026-05-20 07:16:49.836316', 'tenant', NULL, NULL, NULL, 0, 0, 1),
  (30, 'tenant:product:list', '产品列表', 'MENU', 0, '产品列表', '2026-05-20 07:16:49.836316', 'tenant', NULL, NULL, NULL, 0, 0, 1),
  (31, 'tenant:product:create', '新增产品', 'BUTTON', 0, '新增产品', '2026-05-20 07:16:49.836316', 'tenant', NULL, NULL, NULL, 0, 0, 1),
  (32, 'tenant:product:update', '编辑产品', 'BUTTON', 0, '编辑产品', '2026-05-20 07:16:49.836316', 'tenant', NULL, NULL, NULL, 0, 0, 1),
  (33, 'tenant:product:delete', '删除产品', 'BUTTON', 0, '删除产品', '2026-05-20 07:16:49.836316', 'tenant', NULL, NULL, NULL, 0, 0, 1),
  (34, 'tenant:product:import', '导入产品', 'BUTTON', 0, '导入产品', '2026-05-20 07:16:49.836316', 'tenant', NULL, NULL, NULL, 0, 0, 1),
  (35, 'tenant:category:list', '类目管理', 'MENU', 0, '类目管理', '2026-05-20 07:16:49.836316', 'tenant', NULL, NULL, NULL, 0, 0, 1),
  (36, 'tenant:attribute:list', '属性管理', 'MENU', 0, '属性管理', '2026-05-20 07:16:49.836316', 'tenant', NULL, NULL, NULL, 0, 0, 1),
  (37, 'tenant:spec:list', '规格管理', 'MENU', 0, '规格管理', '2026-05-20 07:16:49.836316', 'tenant', NULL, NULL, NULL, 0, 0, 1),
  (38, 'tenant:warehouse', '仓库管理', 'DIRECTORY', 0, '仓库管理', '2026-05-20 07:16:49.836316', 'tenant', NULL, NULL, NULL, 0, 0, 1),
  (39, 'tenant:location:list', '库位管理', 'MENU', 0, '库位管理', '2026-05-20 07:16:49.836316', 'tenant', NULL, NULL, NULL, 0, 0, 1),
  (40, 'tenant:location:create', '新增库位', 'BUTTON', 0, '新增库位', '2026-05-20 07:16:49.836316', 'tenant', NULL, NULL, NULL, 0, 0, 1),
  (41, 'tenant:location:update', '编辑库位', 'BUTTON', 0, '编辑库位', '2026-05-20 07:16:49.836316', 'tenant', NULL, NULL, NULL, 0, 0, 1),
  (42, 'tenant:location:delete', '删除库位', 'BUTTON', 0, '删除库位', '2026-05-20 07:16:49.836316', 'tenant', NULL, NULL, NULL, 0, 0, 1),
  (43, 'tenant:inventory', '库存管理', 'DIRECTORY', 0, '库存管理', '2026-05-20 07:16:49.836316', 'tenant', NULL, NULL, NULL, 0, 0, 1),
  (44, 'tenant:inventory:list', '库存查询', 'MENU', 0, '库存查询', '2026-05-20 07:16:49.836316', 'tenant', NULL, NULL, NULL, 0, 0, 1),
  (45, 'tenant:inventory:inbound', '入库管理', 'MENU', 0, '入库管理', '2026-05-20 07:16:49.836316', 'tenant', NULL, NULL, NULL, 0, 0, 1),
  (46, 'tenant:inventory:outbound', '出库管理', 'MENU', 0, '出库管理', '2026-05-20 07:16:49.836316', 'tenant', NULL, NULL, NULL, 0, 0, 1),
  (47, 'tenant:inventory:adjust', '库存调整', 'BUTTON', 0, '库存调整', '2026-05-20 07:16:49.836316', 'tenant', NULL, NULL, NULL, 0, 0, 1),
  (48, 'tenant:inventory:transaction:list', '库存流水', 'MENU', 0, '库存流水', '2026-05-20 07:16:49.836316', 'tenant', NULL, NULL, NULL, 0, 0, 1),
  (49, 'tenant:inventory:alert:list', '库存预警', 'MENU', 0, '库存预警', '2026-05-20 07:16:49.836316', 'tenant', NULL, NULL, NULL, 0, 0, 1),
  (50, 'tenant:order', '订单管理', 'DIRECTORY', 0, '订单管理', '2026-05-20 07:16:49.836316', 'tenant', NULL, NULL, NULL, 0, 0, 1),
  (51, 'tenant:order:list', '订单列表', 'MENU', 0, '订单列表', '2026-05-20 07:16:49.836316', 'tenant', NULL, NULL, NULL, 0, 0, 1),
  (52, 'tenant:order:create', '新增订单', 'BUTTON', 0, '新增订单', '2026-05-20 07:16:49.836316', 'tenant', NULL, NULL, NULL, 0, 0, 1),
  (53, 'tenant:order:update', '编辑订单', 'BUTTON', 0, '编辑订单', '2026-05-20 07:16:49.836316', 'tenant', NULL, NULL, NULL, 0, 0, 1),
  (54, 'tenant:order:delete', '删除订单', 'BUTTON', 0, '删除订单', '2026-05-20 07:16:49.836316', 'tenant', NULL, NULL, NULL, 0, 0, 1),
  (55, 'tenant:portal', '官网管理', 'DIRECTORY', 0, '官网管理', '2026-05-20 07:16:49.836316', 'tenant', NULL, NULL, NULL, 0, 0, 1),
  (56, 'tenant:portal:config', '官网配置', 'MENU', 0, '官网配置', '2026-05-20 07:16:49.836316', 'tenant', NULL, NULL, NULL, 0, 0, 1),
  (57, 'tenant:portal:inquiry:list', '询盘管理', 'MENU', 0, '询盘管理', '2026-05-20 07:16:49.836316', 'tenant', NULL, NULL, NULL, 0, 0, 1),
  (58, 'platform:settings', '系统设置', 'DIRECTORY', 0, '系统设置', '2026-05-22 05:57:53.630765', 'tenant', NULL, NULL, NULL, 0, 0, 1),
  (235, 'platform:dept', '平台部门', 'MENU', 58, '平台部门', '2026-05-23 08:36:17.726017', 'tenant', NULL, NULL, NULL, 0, 0, 1),
  (236, 'platform:post', '平台岗位', 'MENU', 58, '平台岗位', '2026-05-23 08:36:17.726017', 'tenant', NULL, NULL, NULL, 0, 0, 1),
  (237, 'tenant:dept', '部门管理', 'MENU', 0, '部门管理', '2026-05-23 08:36:17.726017', 'tenant', NULL, NULL, NULL, 0, 0, 1),
  (238, 'tenant:post', '岗位管理', 'MENU', 0, '岗位管理', '2026-05-23 08:36:17.726017', 'tenant', NULL, NULL, NULL, 0, 0, 1);

-- ---------- roles (1 行) ----------
INSERT IGNORE INTO `roles` (`id`, `createdAt`, `updatedAt`, `deletedAt`, `tenantId`, `name`, `isActive`, `code`, `remark`, `isSystem`, `scope`, `dataScope`) VALUES
  ('00000000-0000-0000-0000-000000000101', '2026-05-20 07:16:49.905284', '2026-06-21 19:31:08.657478', NULL, NULL, '平台超级管理员', 1, 'PLATFORM_ADMIN', '平台初始化角色，拥有平台域全部权限', 1, 'platform', 'ALL');

-- ---------- users (1 行) ----------
INSERT IGNORE INTO `users` (`id`, `createdAt`, `updatedAt`, `deletedAt`, `tenantId`, `username`, `password`, `phone`, `email`, `realName`, `avatar`, `firstName`, `lastName`, `isPlatformAdmin`, `isActive`, `deptId`, `postId`) VALUES
  ('00000000-0000-0000-0000-000000000001', '2026-05-20 07:16:50.004011', '2026-05-23 13:47:17.000000', NULL, NULL, 'platform_admin', '$2b$10$6HWq76888O7xTjsgOlYIbuKCripi5pajGqGLdUv0iF5C8HCbXaZp2', NULL, NULL, '平台超级管理员', 'http://macheng123.oss-cn-hangzhou.aliyuncs.com/avatar/1779515231723-c7f95e77-9fb8-430c-acf2-81c54f7527e7.png', NULL, NULL, 1, 1, NULL, NULL);

-- ---------- user_roles (1 行) ----------
INSERT IGNORE INTO `user_roles` (`usersId`, `rolesId`) VALUES
  ('00000000-0000-0000-0000-000000000001', '00000000-0000-0000-0000-000000000101');

-- ---------- role_menus (39 行) ----------
INSERT IGNORE INTO `role_menus` (`roleId`, `menuId`) VALUES
  ('00000000-0000-0000-0000-000000000101', 1),
  ('00000000-0000-0000-0000-000000000101', 2),
  ('00000000-0000-0000-0000-000000000101', 3),
  ('00000000-0000-0000-0000-000000000101', 4),
  ('00000000-0000-0000-0000-000000000101', 5),
  ('00000000-0000-0000-0000-000000000101', 6),
  ('00000000-0000-0000-0000-000000000101', 7),
  ('00000000-0000-0000-0000-000000000101', 8),
  ('00000000-0000-0000-0000-000000000101', 9),
  ('00000000-0000-0000-0000-000000000101', 10),
  ('00000000-0000-0000-0000-000000000101', 11),
  ('00000000-0000-0000-0000-000000000101', 12),
  ('00000000-0000-0000-0000-000000000101', 13),
  ('00000000-0000-0000-0000-000000000101', 14),
  ('00000000-0000-0000-0000-000000000101', 58),
  ('00000000-0000-0000-0000-000000000101', 235),
  ('00000000-0000-0000-0000-000000000101', 236),
  ('00000000-0000-0000-0000-000000000101', 368),
  ('00000000-0000-0000-0000-000000000101', 369),
  ('00000000-0000-0000-0000-000000000101', 370),
  ('00000000-0000-0000-0000-000000000101', 371),
  ('00000000-0000-0000-0000-000000000101', 372),
  ('00000000-0000-0000-0000-000000000101', 373),
  ('00000000-0000-0000-0000-000000000101', 374),
  ('00000000-0000-0000-0000-000000000101', 375),
  ('00000000-0000-0000-0000-000000000101', 376),
  ('00000000-0000-0000-0000-000000000101', 377),
  ('00000000-0000-0000-0000-000000000101', 378),
  ('00000000-0000-0000-0000-000000000101', 379),
  ('00000000-0000-0000-0000-000000000101', 380),
  ('00000000-0000-0000-0000-000000000101', 381),
  ('00000000-0000-0000-0000-000000000101', 382),
  ('00000000-0000-0000-0000-000000000101', 413),
  ('00000000-0000-0000-0000-000000000101', 414),
  ('00000000-0000-0000-0000-000000000101', 415),
  ('00000000-0000-0000-0000-000000000101', 416),
  ('00000000-0000-0000-0000-000000000101', 429),
  ('00000000-0000-0000-0000-000000000101', 430),
  ('00000000-0000-0000-0000-000000000101', 431);

-- ---------- migrations (9 行) ----------
INSERT IGNORE INTO `migrations` (`id`, `timestamp`, `name`) VALUES
  (1, 1780660000000, 'CreateMiniappPostViews1780660000000'),
  (2, 1781827200000, 'CreateInventoryItems1781827200000'),
  (3, 1781827300000, 'AddProductBarcode1781827300000'),
  (4, 1781827400000, 'DropInventoryItemArtifacts1781827400000'),
  (5, 1781913600000, 'CreateUnitConversions1781913600000'),
  (6, 1781913700000, 'DropLegacyUnitInventoryFields1781913700000'),
  (7, 1782000000000, 'AddInventoryTenantSkuUnique1782000000000'),
  (8, 1782100000000, 'AddOrderStockLocked1782100000000'),
  (9, 1782200000000, 'AddTransactionSourceOperator1782200000000');

SET FOREIGN_KEY_CHECKS = 1;
